id,enabled,comment,domain,interface,src_addr,week,time
1,yes,Google 服务 (1),"addyoutube.com,dlyoutube.com,findyoutube.com,findyoutube.net,goo.gl,google.ac,google.ad,google.ae,google.af,google.ai,google.al,google.am,google.as,google.at,google.az,google.ba,google.be,google.bf,google.bg,google.bi,google.bj,google.bs,google.bt,google.by,google.ca,google.cat,google.cd,google.cf,google.cg,google.ch,google.ci,google.cl,google.cm,google.co.ao,google.co.bw,google.co.ck,google.co.cr,google.co.id,google.co.il,google.co.in,google.co.jp,google.co.ke,google.co.kr,google.co.ls,google.co.ma,google.co.mz,google.co.nz,google.co.th,google.co.tz,google.co.ug",wan3,内网,1234567,00:00-23:59
2,yes,Google 服务 (2),"google.co.uk,google.co.uz,google.co.ve,google.co.vi,google.co.za,google.co.zm,google.co.zw,google.com,google.com.af,google.com.ag,google.com.ai,google.com.ar,google.com.au,google.com.bd,google.com.bh,google.com.bn,google.com.bo,google.com.br,google.com.bz,google.com.co,google.com.cu,google.com.cy,google.com.do,google.com.ec,google.com.eg,google.com.et,google.com.fj,google.com.gh,google.com.gi,google.com.gt,google.com.hk,google.com.jm,google.com.kh,google.com.kw,google.com.lb,google.com.ly,google.com.mm,google.com.mt,google.com.mx,google.com.my,google.com.na,google.com.nf,google.com.ng,google.com.ni,google.com.np,google.com.om,google.com.pa,google.com.pe,google.com.pg,google.com.ph",wan3,内网,1234567,00:00-23:59
3,yes,Google 服务 (3),"google.com.pk,google.com.pr,google.com.py,google.com.qa,google.com.sa,google.com.sb,google.com.sg,google.com.sl,google.com.sv,google.com.tj,google.com.tr,google.com.tw,google.com.ua,google.com.uy,google.com.vc,google.com.vn,google.cv,google.cz,google.de,google.dev,google.dk,google.dm,google.dz,google.ee,google.es,google.eu,google.fi,google.fm,google.fr,google.ga,google.ge,google.gg,google.gl,google.gm,google.gp,google.gr,google.gy,google.hk,google.hn,google.hr,google.ht,google.hu,google.ie,google.im,google.iq,google.is,google.it,google.it.ao,google.je,google.jo",wan3,内网,1234567,00:00-23:59
4,yes,Google 服务 (4),"google.kg,google.ki,google.kz,google.la,google.li,google.lk,google.lt,google.lu,google.lv,google.md,google.me,google.mg,google.mk,google.ml,google.mn,google.ms,google.mu,google.mv,google.mw,google.mx,google.ne,google.nl,google.no,google.nr,google.nu,google.org,google.pl,google.pn,google.ps,google.pt,google.ro,google.rs,google.ru,google.rw,google.sc,google.se,google.sh,google.si,google.sk,google.sm,google.sn,google.so,google.sr,google.st,google.td,google.tg,google.tk,google.tl,google.tm,google.tn",wan3,内网,1234567,00:00-23:59
5,yes,Google 服务 (5),"google.to,google.tt,google.us,google.vg,google.vn,google.vu,google.ws,gstatic.com,gvt1.com,igoogle.com,listentoyoutube.com,onlineyoutube.com,thinkwithgoogle.com,withgoogle.com,withyoutube.com,youtube.com",wan3,内网,1234567,00:00-23:59
6,yes,Facebook/Meta (1),"cdninstagram.com,connect.facebook.net,facebook.com,facebook.de,facebook.design,facebook.hu,facebook.in,facebook.nl,facebook.se,fbcdn.net,instagram.com,messenger.com,meta.com,oculus.com,thefacebook.com,threads.com,threads.net,whatsapp.com,whatsapp.net",wan3,内网,1234567,00:00-23:59
7,yes,Twitter/X (1),"ads-twitter.com,bynet.co.il,coat.co.jp,financetwitter.com,independent.co.uk,news.mt.co.kr,periscope.tv,pinterest.co.uk,pscp.tv,simbolostwitter.com,t.co,tweetdeck.com,twimg.com,twitter.com,twitter.jp,x.com,xxxx.com.au",wan3,内网,1234567,00:00-23:59
8,yes,Telegram (1),"cdn-telegram.org,graph.org,t.me,telegra.ph,telegram.dog,telegram.me,telegram.org,telegram.space,tg.dev",wan3,内网,1234567,00:00-23:59
9,yes,TikTok (1),"tiktok.com,tiktokcdn.com,tiktokv.com,tiktokv.us",wan3,内网,1234567,00:00-23:59
10,yes,加密货币 (1),"666pool.cn,antpool.com,beepool.com,beepool.org,binance.com,binance.org,bitcoinworld.com,bitfinex.com,bitmex.com,bybit.com,c3pool.com,coinbase.com,crazypool.org,cruxpool.com,dpool.top,etherscan.com,etherscan.io,f2pool.com,flexpool.io,flypool.org,gate.io,hiveon.net,huobi.co,huobi.com,huobi.li,huobi.me,huobi.pro,huobi.sc,huobipool.com,kraken.com,kucoin.com,metamask.io,nanopool.org,okex.com,okpool.me,okx.com,opensea.io,pancakeswap.finance,poolbinance.com,r-pool.net,solana.com,solscan.io,sparkpool.com,spiderpool.com,tokenlon.im,tronscan.org,trustwallet.com,unmineable.com,uupool.cn,w-pool.com",wan3,内网,1234567,00:00-23:59
11,yes,加密货币 (2),xnpool.com,wan3,内网,1234567,00:00-23:59
12,yes,新闻媒体 (1),"aljazeera.com,aljazeera.net,bbc.co.uk,bbc.com,bbc.pdn.tritondigital.com,bloomberg.cn,bloomberg.com,bloomberg.de,bnn.co,businessinsider.com,cdw.com,channelnewsasia.com,dailymail.co.uk,dw.com,dw.de,epochtimes.co.il,epochtimes.co.kr,epochtimes.com,epochtimes.com.tw,epochtimes.de,epochtimes.fr,epochtimes.it,epochtimes.jp,epochtimes.ru,epochtimes.se,forbes.com,ft.com,huffingtonpost.com,insidevoa.com,japantimes.co.jp,jiji.com,newsmax.com,nikkei.com,nytimes.com,nytimes.map.fastly.net,reuters.com,rfa.org,theatlantic.com,thedw.us,theepochtimes.com,washingtonpost.com,wsj.com,wsj.net",wan3,内网,1234567,00:00-23:59
13,yes,社交媒体 (1),"bsky.app,bsky.social,counter.social,discord.com,discord.gg,discordapp.com,discordapp.net,doosho.com,gab.com,gettr.com,imgur.com,joinmastodon.org,line-apps.com,line.me,mastodon.cloud,mastodon.host,mastodon.online,mastodon.social,mastodon.xyz,mewe.com,mixi.jp,pinterest.at,pinterest.ca,pinterest.cl,pinterest.com,pinterest.com.au,pinterest.com.mx,pinterest.de,pinterest.es,pinterest.fr,pinterest.ie,pinterest.it,pinterest.jp,pinterest.nz,pinterest.ph,pinterest.pt,pinterest.se,plurk.com,quora.com,redd.it,reddit.com,redditspace.com,redditstatic.com,tapatalk.com,tumblr.com,v2ex.com",wan3,内网,1234567,00:00-23:59
14,yes,论坛/博客 (1),"ameblo.jp,backchina.com,blogblog.com,buzzorange.com,chenshan20042005.wordpress.com,chinaview.wordpress.com,cnbbnews.wordpress.com,freedominfonetweb.wordpress.com,freewechat.com,freeweibo.com,github.io,hka8964.wordpress.com,hkanews.wordpress.com,hqsbnet.wordpress.com,hqsbonline.wordpress.com,ifreechina.wordpress.com,investigating.wordpress.com,jobnewera.wordpress.com,matters.news,matthewdgreen.wordpress.com,medium.com,minghuiyw.wordpress.com,mitbbs.com,pincong.rocks,sujiatun.wordpress.com,teddysun.com,wenxuecity.com,wo3ttt.wordpress.com,xijie.wordpress.com",wan3,内网,1234567,00:00-23:59
15,yes,娱乐/流媒体 (1),"abematv.akamaized.net,bitchute.com,castbox.fm,crunchyroll.com,dailymotion.com,dcs-spotify.megaphone.fm,deezer.com,help.byspotify.com,hulu.com,jtvnw.net,linear-abematv.akamaized.net,mgoon.com,netflix.com,netflix.net,nflximg.com,nflximg.net,nicovideo.jp,odysee.com,overcast.fm,pandora.com,podbean.com,primevideo.com,rumble.com,soundcloud.com,soundon.fm,spotify.com,ttvnw.net,twitch.tv,vevo.com,vimeo.com,vod-abematv.akamaized.net,youmaker.com",wan3,内网,1234567,00:00-23:59
16,yes,成人内容 (1),"51jav.org,91porn.com,adult-sex-games.com,alldrawnsex.com,avmo.pw,beeg.com,bigjapanesesex.com,blogjav.net,brazzers.com,caoporn.us,chinatopsex.com,danbooru.donmai.us,e-hentai.org,e621.net,erodaizensyu.com,erodoujinlog.com,erodoujinworld.com,eromanga-kingdom.com,exhentai.org,fakku.net,g-area.org,hanime.tv,horrorporn.com,hpjav.com,hqjapanesesex.com,hsex.men,jable.tv,javdb.com,madthumbs.com,missav.com,onejav.com,pixiv.net,pornhub.com,sehuatang.org,sex.com,sexinsex.net,tnaflix.com,virtualrealporn.com,vjav.com,vporn.com,vrporn.com,wnacg.com,wowporn.com,xhamster.com,xvideos.com,xvideos.es,youjizz.com,youporn.com",wan3,内网,1234567,00:00-23:59
17,yes,VPN/代理工具 (1),"12vpn.com,12vpn.net,acevpn.com,activpn.com,adguard-vpn.com,airvpn.org,alwaysvpn.com,aoxvpn.com,app.cloudcone.com,azirevpn.com,banana-vpn.com,bandwagonhost.com,beevpn.com,bestvpn.com,betaclouds.net,bettervpn.com,bgvpn.com,blackvpn.com,bolehvpn.net,bvpn.com,cactusvpn.com,crossvpn.net,cyberghostvpn.com,devpn.com,dotvpn.com,earthvpn.com,eevpn.com,expressvpn.com,fastestvpn.com,finchvpn.com,flyvpn.com,freess.org,frootvpn.com,getlantern.org,globalvpn.net,goagent.biz,greatfirevpn.com,greenvpn.net,hideipvpn.com,hidemyass.com,hotvpn.com,ibvpn.com,ivpn.net,justmysocks.net,le-vpn.com,leafyvpn.net,lightyearvpn.com,liquidvpn.com,microvpn.com,mullvad.net",wan3,内网,1234567,00:00-23:59
18,yes,VPN/代理工具 (2),"nlfreevpn.com,nordvpn.com,nutsvpn.work,onevps.com,openvpn.net,openvpn.org,ovpn.com,plexvpn.pro,potatso.com,potvpn.com,privatetunnel.com,privatevpn.com,protonvpn.com,proxpn.com,pshvpn.com,psiphon.ca,purevpn.com,radmin-vpn.com,rapidvpn.com,rusvpn.com,safervpn.com,secure.shadowsocks.nu,securetunnel.com,seevpn.com,shadeyouvpn.com,shadowsocks.be,shadowsocks.com.hk,shadowsocks.org,skyxvpn.com,slickvpn.com,spicevpn.com,squirrelvpn.com,sstm.moe,strongvpn.com,supervpn.net,surfshark.com,swissvpn.net,switchvpn.net,tigervpn.com,tinc-vpn.org,top10vpn.com,torvpn.com,totalvpn.com,tunsafe.com,tuvpn.com,tweettunnel.com,ultravpn.com,ultravpn.fr,v2fly.org,v2ray.com",wan3,内网,1234567,00:00-23:59
19,yes,VPN/代理工具 (3),"vilavpn.com,vnet.link,vpn.ac,vpn.net,vpntunnel.com,vpsxb.net,vtunnel.com,wingy.site,worldvpn.net,www.shadowsocks.com,zenmate.com,zenmate.com.ru,zoogvpn.com,zorrovpn.com",wan3,内网,1234567,00:00-23:59
20,yes,技术/编程 (1),"1-apple.com.tw,about.gitlab.com,addons.mozilla.org,android.com,chromium.org,copilot.microsoft.com,dns.cloudflare.com,docker.com,docker.io,duckduckgo.com,github.blog,github.com,gitlab.net,golang.org,psiphon3.com,pytorch.org,rawgithub.com,tensorflow.org,wireguard.com",wan3,内网,1234567,00:00-23:59
21,yes,人权/政治敏感 (1),"173ng.com,2008xianzhang.info,2047.one,89-64.org,aboluowang.com,amnesty.org,amnesty.org.hk,aomiwang.com,appledaily.com,appledaily.com.tw,badiucao.com,baixing.me,beijingspring.com,bitterwinter.org,blog.cryptographyengineering.com,botanwang.com,boxun.azurewebsites.net,boxun.com,boxun.tv,business-humanrights.org,caochangqing.com,chenguangcheng.com,chenpokong.com,chinachange.org,chinadigitaltimes.net,chingcheong.com,citizenlab.ca,clinica-tibet.ru,co.ng.mil,cuiweiping.net,dalailama.ru,dalianmeng.org,demosisto.hk,dizhuzhishang.com,dongtaiwang.com,dongtaiwang.net,fangeqiang.com,fangong.org,fanqiang.network,fanqiangdang.com,fanswong.com,flowhongkong.net,freedomhouse.org,freehongkong.org,freetibet.org,friends-of-tibet.org,friendsoftibet.org,fring.com,g0v.social,ganjing.com",wan3,内网,1234567,00:00-23:59
22,yes,人权/政治敏感 (2),"gaoming.net,global.bing.com,greatfire.org,greatfire.us7.list-manage.com,hk.jiepang.com,hongkong.fandom.com,hongkongfp.com,hrw.org,huanghuagang.org,huping.net,investing.com,iphone4hongkong.com,italiatibet.org,jiangweiping.com,kanshifang.com,kingkong.com.tw,kpkuang.org,kzeng.info,liaowangxizang.net,lih.kg,liuxiaotong.com,mangmang.run,meizhong.blog,meizhong.report,mohu.club,myparagliding.com,nanyang.com,nationalawakening.org,netsarang.com,officeoftibet.com,pachosting.com,peing.net,phosphation13.rssing.com,pin-cong.com,ping.fm,pixelqi.com,qi-gong.me,red-lang.org,rthk.hk,safeguarddefenders.com,savetibet.de,savetibet.org,sehuatang.net,shopping.yahoo.co.jp,slheng.com,spankbang.com,spencertipping.com,standupfortibet.org,studentsforafreetibet.org,sydney.bing.com",wan3,内网,1234567,00:00-23:59
23,yes,人权/政治敏感 (3),"taiwanjustice.net,theinitium.com,tiandixing.org,tibet.com,tibet.net,tibet.nu,tibet.org,tibet.org.tw,tibet.to,tuidang.org,tw.jiepang.com,weijingsheng.org,weiming.info,wengewang.org,www.bing.com,xiaxiaoqiang.net,yizhihongxing.com,youtubegaming.com,zhangtianliang.com",wan3,内网,1234567,00:00-23:59
24,yes,影音/图片 (1),"1337x.to,acg.rip,artstation.com,bangumi.moe,btbtt.co,btbtt.me,deviantart.com,deviantart.net,dlsite.com,dmhy.org,doujincafe.com,gettyimages.ae,gettyimages.ca,gettyimages.de,gettyimages.hk,gettyimages.in,gettyimages.it,gettyimages.us,mangabz.com,mangafox.com,mangafox.me,mikanani.me,nyaa.si,rarbgprx.org,shutterstock.com,torrentgalaxy.to",wan3,内网,1234567,00:00-23:59
25,yes,军事/政府/国际组织 (1),"af.mil,americorps.gov,archives.gov,arlingtoncemetery.mil,cecc.gov,cia.gov,cms.gov,darpa.mil,dma.mil,dtic.mil,freedom.gov,gov.ir,gov.taipei,gov.tw,iipdigital.usembassy.gov,irangov.ir,jpl.nasa.gov,msha.gov,navyfamily.navy.mil,navyreserve.navy.mil,nga.mil,nic.gov,pacom.mil,pds.nasa.gov,share.america.gov,soc.mil,solarsystem.nasa.gov,tsdr.uspto.gov,twgov.tw,uscg.mil,usfk.mil,usno.navy.mil",wan3,内网,1234567,00:00-23:59
26,yes,台湾地区 (1),"ait.org.tw,bnext.com.tw,book.com.tw,books.com.tw,bookwalker.com.tw,businesstoday.com.tw,catholic.org.tw,cbs.ntu.edu.tw,ccfd.org.tw,civilmedia.tw,cmi.org.tw,cna.com.tw,cnbeta.com.tw,cofacts.tw,coolloud.org.tw,covenantswatch.org.tw,ct.org.tw,ctitv.com.tw,cts.com.tw,culture.tw,cw.com.tw,dailyview.tw,dcard.tw,ddc.com.tw,dpp.org.tw,e-classical.com.tw,ebook.hyread.com.tw,ecfa.org.tw,ecimg.tw,flog.tw,fnc.ebc.net.tw,focustaiwan.tw,free.com.tw,ftv.com.tw,ftvnews.com.tw,gamer.com.tw,gamez.com.tw,gohappy.com.tw,gotw.ca,gvm.com.tw,hakkatv.org.tw,heeact.edu.tw,hinet.net,hst.net.tw,hwayue.org.tw,im88.tw,inote.tw,inside.com.tw,iphonetaiwan.org,kagyuoffice.org.tw",wan3,内网,1234567,00:00-23:59
27,yes,台湾地区 (2),"kingstone.com.tw,kinmen.org.tw,kobo.com,lama.com.tw,ldplayer.tw,libertytimes.com.tw,lighten.org.tw,ltn.com.tw,meee.com.tw,memes.tw,merit-times.com.tw,mobile01.com,momoshop.com.tw,money-link.com.tw,moptt.tw,myjs.tw,news.ebc.net.tw,news.tvbs.com.tw,newtalk.tw,nexttv.com.tw,nikke.hotcool.tw,ntdtv.com.tw,okk.tw,pct.org.tw,peoplenews.tw,pourquoi.tw,presidentlee.tw,pubu.com.tw,python.com.tw,qgirl.com.tw,qianbai.tw,qianmo.tw,raidcall.com.tw,readingtimes.com.tw,readmoo.com,recoveryversion.com.tw,rti.org.tw,rti.tw,ruten.com.tw,sanmin.com.tw,shopee.tw,showwe.tw,soh.tw,southnews.com.tw,taaze.tw,taedp.org.tw,taipeitimes.com,taiwanncf.org.tw,taiwannews.com.tw,taiwantt.org.tw",wan3,内网,1234567,00:00-23:59
28,yes,台湾地区 (3),"tbsn.org,technews.tw,tfc-taiwan.org.tw,thenewslens.com,thinkingtaiwan.com,tpi.org.tw,treemall.com.tw,ttv.com.tw,udn.com.tw,uforadio.com.tw,watchout.tw,wealth.com.tw,wikis.tw,wufi.org.tw,www.moztw.org,yahoo.com.tw,yam.com,yam.org.tw,yes123.com.tw,zdnet.com.tw,zmedia.com.tw",wan3,内网,1234567,00:00-23:59
29,yes,香港地区 (1),"agro.hk,am730.com.hk,bastillepost.com,bfsh.hk,blockedbyhk.com,bunbunhk.com,cap.org.hk,carousell.com.hk,catholic.org.hk,chinachannel.hk,christiantimes.org.hk,chrlawyers.hk,civicparty.hk,commentshk.com,cusp.hk,discuss.com.hk,dolf.org.hk,e123.hk,epochhk.com,evchk.wikia.com,exchristian.hk,fantv.hk,fochk.org,gcc.org.hk,gnci.org.hk,hk01.com,hket.com,hkgalden.com,hklts.org.hk,i818hk.com,inmediahk.net,jmsc.hku.hk,ktzhk.com,lausan.hk,left21.hk,liberal.org.hk,lihkg.com,linux.org.hk,litenews.hk,logos.com.hk,lsd.org.hk,memehk.com,metroradio.com.hk,mingpao.com,nextdigital.com.hk,ourtv.hk,pentoy.hk,polymerhk.com,popvote.hk,rthk.org.hk",wan3,内网,1234567,00:00-23:59
30,yes,香港地区 (2),"sacom.hk,salvation.org.hk,sina.com.hk,sowers.org.hk,standwithhk.org,teco-hk.org,udomain.hk,unwire.hk,uwants.com,xinmiao.com.hk,yahoo.com.hk,yesasia.com.hk",wan3,内网,1234567,00:00-23:59
31,yes,云服务/CDN/存储 (1),"arvanstorage.ir,cachefly.com,cloud.mail.ru,cloudflare-ipfs.com,dubox.com,freetls.fastly.net,global.ssl.fastly.net,ipfs.io,netlify.app,storj.io,terabox.com,vercel.app,yadi.sk",wan3,内网,1234567,00:00-23:59
32,yes,博客/个人网站 (1),"carrd.co,weebly.com",wan3,内网,1234567,00:00-23:59
33,yes,游戏相关 (1),"api.steampowered.com,bangdream.space,mahjongsoul.com,paimon.moe,play-asia.com,steamcommunity.com,store.steampowered.com,tanks.gg,wowhead.com",wan3,内网,1234567,00:00-23:59
34,yes,购物/电商 (1),"amazon.co.jp,costco.com,etsy.com,flipkart.com,gsp.target.com,login.target.com,mercari.com,nordstrom.com,payments-jp.amazon.com,rakuten.co.jp,rcam.target.com,thepiratebay.org",wan3,内网,1234567,00:00-23:59
35,yes,学术/教育 (1),"annas-archive.org,archive.org,edx-cdn.org,wikileaks.ch,wikileaks.com,wikileaks.de,wikileaks.eu,wikileaks.lu,wikileaks.org,wikileaks.pl,wikimedia.org,wikipedia.com,wikipedia.org,z-lib.org",wan3,内网,1234567,00:00-23:59
36,yes,通用服务 (1),"000webhost.com,1000giri.net,10beasts.net,10musume.com,12bet.com,141jj.com,1688.com.au,18board.com,18comic.org,1984bbs.com,1991way.com,1e100.net,1lib.sk,1point3acres.com,1pondo.tv,2021hkcharter.com,2047.name,2049bbs.xyz,233abc.com,24hrs.ca,32red.com,36rain.com,404museum.com,466453.com,4bluestones.biz,4everproxy.com,4rbtv.com,4shared.com,500px.com,500px.org,51.ca,51luoben.com,5278.cc,611study.com,611study.icu,63i.com,69shuba.cx,6do.news,6do.world,6park.com,6parkbbs.com,6parker.com,6parknews.com,7capture.com,881903.com,8964museum.com,8z1.net,91dasai.com,91porny.com,91vps.club",wan3,内网,1234567,00:00-23:59
37,yes,通用服务 (2),"996.icu,99btgc01.com,9bis.com,9bis.net,9cache.com,9gag.com,9news.com.au,a-normal-day.com,a248.e.akamai.net,aave.com,abc.net.au,abc.xyz,abebooks.co.uk,abebooks.com,about.me,abplive.com,acast.com,accountkit.com,acgbox.org,acgkj.com,acgnx.se,aculo.us,adcex.com,addictedtocoffee.de,admin.recaptcha.net,admob.com,adsense.com,advanscene.com,advertfan.com,advertisercommunity.com,aei.org,aenhancers.com,aex.com,afr.com,afreecatv.com,agnesb.fr,agoogleaday.com,ai.dev,ai.studio,aiosearch.com,aiph.net,airconsole.com,airitilibrary.com,aiweiweiblog.com,akamai.tvb.com,akiba-online.com,akiba-web.com,akile.io,akinator.com,akow.org",wan3,内网,1234567,00:00-23:59
38,yes,通用服务 (3),"alabout.com,alasbarricadas.org,alforattv.net,alive.bar,alkasir.com,all4mom.org,allcoin.com,allconnected.co,allfinegirls.com,allinfa.com,allmovie.com,alternate-tools.com,altrec.com,alwaysdata.com,alwaysdata.net,amazonvideo.com,americangreencard.com,amiblockedornot.com,amnestyusa.org,ampproject.org,amuletmc.com,anchor.fm,anchorfree.com,ancsconf.org,andfaraway.net,android-x86.org,androidapksfree.com,androidify.com,androidtv.com,angela-merkel.de,angola.org,angularjs.org,aniscartujo.com,annas-archive.in,annas-archive.li,annas-archive.pm,annas-archive.se,anobii.com,anonfiles.com,anonymouse.org,anthonycalzadilla.com,anthropic.com,anuneko.com,ao3.org,aobo.com.au,aomedia.org,apartmentratings.com,apartments.com,apat1989.org,api-secure.recaptcha.net",wan3,内网,1234567,00:00-23:59
39,yes,通用服务 (4),"api-verify.recaptcha.net,api.ai,api.palworldgame.com,api.pureapk.com,api.recaptcha.net,apiary.io,apigee.com,apk.support,apkcombo.com,apkmirror.com,apkmonk.com,apkplz.com,apkpure.com,apkpure.net,app.box.com,app.smartmailcloud.com,appadvice.com,appbrain.com,apps.evozi.com,appsocks.net,appspot.com,appsto.re,aptoide.com,archive.fo,archive.is,archive.li,archive.md,archive.ph,archive.today,archive.vn,archiveofourown.com,archiveofourown.org,arctosia.com,areca-backup.org,arena.ai,arena.taipei,arethusa.su,arte.tv,arweave.org,asacp.org,asiaharvest.org,asianage.com,asianews.it,asianfanfics.com,asiansexdiary.com,asiaone.com,ask.com,askstudent.com,askynz.net,aspi.org.au",wan3,内网,1234567,00:00-23:59
40,yes,通用服务 (5),"aspistrategist.org.au,assembla.com,assets.bwbx.io,assets.nxtrace.org,assimp.org,astrill.com,atc.org.au,athenaeizou.com,atlanta168.com,atnext.com,auctions.yahoo.co.jp,audacy.com,auntology.fandom.com,autodraw.com,av.movie,av01.tv,avaaz.org,avdb.in,avdb.tv,avg.com,avgle.com,avidemux.org,avmoo.pw,avoision.com,axios.com,axureformac.com,b-ok.cc,b.hatena.ne.jp,babylonbee.com,backend-v2.crixet.com,bad.news,baidu.jp,baijie.org,bailandaily.com,baizhi.org,band.us,bandcamp.com,bangkokpost.com,bangyoulater.com,bankmobilevibe.com,bannedbook.org,banorte.com,barnabu.co.uk,barton.de,bayvoice.net,bb-chat.tv,bbcchinese.com,bbchat.tv,bbci.co.uk,bbs.junglobal.net",wan3,内网,1234567,00:00-23:59
41,yes,通用服务 (6),"bbs.mikocon.com,bbs.mychat.to,bbs.naixi.net,bbs.nyinfor.com,bcex.ca,bearteach.com,bebo.com,behance.net,beijing1989.com,beijing2022.art,berlinerbericht.de,berlintwitterwall.com,bestvpnanalysis.com,bestvpnforchina.net,bestvpnserver.com,bestvpnservice.com,bestvpnusa.com,bet365.com,bettergpt.chat,betterhash.net,betternet.co,bettween.com,betvictor.com,bfnn.org,bgme.me,biblesforamerica.org,bibox.com,biedian.me,big.one,bignews.org,bigone.com,bild.de,binancezh.cc,bird.so,bit-z.com,bitbaby.com,bitbay.net,bitcointalk.org,bitget.com,bithumb.com,bitshare.com,bittorrent.com,bitvise.com,bitz.ai,bjzc.org,bl-doujinsouko.com,blacked.com,blackmagicdesign.com,blinkx.com,blip.tv",wan3,内网,1234567,00:00-23:59
42,yes,通用服务 (7),"blockcast.it,blockcn.com,blockless.com,blocktempo.com,blog.de,blog.expofutures.com,blog.fizzik.com,blog.fuckgfw233.org,blog.jackjia.com,blog.martinoei.com,blog.pathtosharepoint.com,blog.pentalogic.net,blog.reimu.net,blog.tiney.com,blogcatalog.com,blogcity.me,blogger.com,bloglines.com,bloglovin.com,bloodshed.net,bloombergview.com,bloomfortune.com,blubrry.com,bmdru.com,bnbstatic.com,bnrmetal.com,boardreader.com,bod.asia,boobstagram.com,bookdepository.com,booktopia.com.au,bootstrapcdn.com,borgenmagazine.com,bowenpress.com,boxpn.com,boysmaster.com,br.st,braumeister.org,brave.com,bravotube.net,breached.to,break.com,breakgfw.com,breakingtweets.com,breakwall.net,brill.com,brizzly.com,broadpressinc.com,brookings.edu,brutaltgp.com",wan3,内网,1234567,00:00-23:59
43,yes,通用服务 (8),"bsky.network,bt4g.org,bt4gprx.com,bt95.com,btbit.net,btc.com,btc98.com,btcbank.bank,btctrade.im,btdig.com,btguard.com,btku.me,btku.org,budaedu.org,buffered.com,bullguard.com,bullog.org,bullogger.com,bumingbai.net,business.page,buzzsprout.com,bwgyhw.com,bwh1.net,bx.in.th,bypasscensorship.org,byrut.org,c-est-simple.com,c-span.org,c-spanvideo.org,c.mi.com,c2cx.com,cableav.tv,cablegatesearch.net,cachefly.net,calebelston.com,calendarz.com,camfrog.com,campaign-archive.com,campaignforuyghurs.org,cams.com,canva.com,canyu.org,caobian.info,carfax.com,cari.com.my,caribbeancom.com,cartoonmovement.com,casino.williamhill.com,casinobellini.com,catbox.moe",wan3,内网,1234567,00:00-23:59
44,yes,通用服务 (9),"catch22.net,cato.org,cattt.com,caus.com,cbc.ca,cccat.cc,cccat.co,cchere.com,cchostvps.xyz,cclife.org,cclifefl.org,ccthere.com,ccthere.net,cdbook.org,cdef.org,cdig.info,cdjp.org,cdn-images.mailchimp.com,cdn.arstechnica.net,cdn.i-scmp.com,cdn.jwplayer.com,cdn.printfriendly.com,cdn.seatguru.com,cdn.softlayer.net,cdn.statically.io,cdp1998.org,cdp2006.org,cdpeu.org,cdpuk.co.uk,cdpweb.org,cdpwu.org,cellulo.info,cenews.eu,centauro.com.br,centerforhumanreprod.com,centralnation.com,certificate-transparency.org,cfr.org,change.org,changp.com,chanworld.org,chaoex.com,chaos.social,character.ai,chat.com,chat.lmsys.org,chatgpt.com,chatpdf.com,chaturbate.com,checkgfw.com",wan3,内网,1234567,00:00-23:59
45,yes,通用服务 (10),"chengmingmag.com,chenpokongvip.com,cherrysave.com,chhongbi.org,china-mmm.net,china-week.com,china101.com,china18.org,china21.com,china21.org,china5000.us,chinaaffairs.org,chinaaid.net,chinaaid.org,chinaaid.us,chinademocrats.org,chinadialogue.net,chinaelections.org,chinafile.com,chinafreepress.org,chinagfw.org,chinahorizon.org,chinamule.com,chinapress.com.my,chinasocialdemocraticparty.com,chinasoul.org,chinauncensored.tv,chinaworker.info,chinese-memorial.org,chinese.engadget.com,chinesedailynews.com,chinesedemocracy.com,chinesegay.org,chinesen.de,chinesenews.net.au,chineseradioseattle.com,chineseupress.com,chobit.cc,christianfreedom.org,christianstudy.com,chrome.com,chromecast.com,chromeexperiments.com,chromestatus.com,ci-en.jp,cici.com,ciciai.com,cirosantilli.com,citizencn.com,citizenlab.org",wan3,内网,1234567,00:00-23:59
46,yes,通用服务 (11),"citypopulation.de,civilhrfront.org,civitai.com,cixiaoya.club,ck101.com,classicalguitarblog.net,claude.ai,claude.com,cldr.unicode.org,clearsurance.com,clementine-player.org,clipconverter.cc,cloud.dify.ai,cloudflare-dns.com,cloudflarestatus.com,cloudfunctions.net,club1069.com,clubhouseapi.com,clyp.it,cmcn.org,cmegroup.com,cmule.com,cmx.im,cn.sandscotaicentral.com,cn.theaustralian.com.au,cn.uptodown.com,cnd.org,cnnews.chosun.com,cnpolitics.org,cobinhood.com,cochina.org,codeshare.io,codeskulptor.org,coffeemanga.to,coinbene.com,coinex.com,coingecko.com,coingi.com,coinmarketcap.com,coinrail.co.kr,cointiger.com,cointobe.com,coinut.com,colacloud.net,collateralmurder.com,collateralmurder.org,comefromchina.com,comments.app,communistcrimes.org,communitychoicecu.com",wan3,内网,1234567,00:00-23:59
47,yes,通用服务 (12),"comparitech.com,compileheart.com,conoha.jp,contests.twilio.com,cool18.com,coolaler.com,coolder.com,coolstuffinc.com,cotweet.com,coursehero.com,coze.com,cpj.org,cpu-monkey.com,crackle.com,crazyshit.com,crbug.com,crchina.org,creaders.net,creativelab5.com,cristyli.com,crossfire.co.kr,crosswall.org,croxyproxy.com,crrev.com,crucial.com,csdparty.com,csis.org,csmonitor.com,css.pixnet.in,csuchen.de,csw.org.uk,ctinets.com,ctinews.com,ctowc.org,ctwant.com,cumlouder.com,curvefish.com,cutout.pro,cutscenes.net,cynscribe.com,d.cash,d100.net,d2pass.com,dabr.co.uk,dabr.me,dabr.mobi,dadazim.com,dailysabah.com,dajiyuan.de,dalailamaworld.com",wan3,内网,1234567,00:00-23:59
48,yes,通用服务 (13),"daliulian.org,danke4china.net,darmau.co,darrenliuwei.com,dashlane.com,data-vocabulary.org,daum.net,dawangidc.com,daxa.cn,dazn.com,db.tt,dbgjd.com,ddex.io,deadhouse.org,deadline.com,debug.com,deck.new,decodet.co,deepai.org,deepmind.com,deja.com,delcamp.net,demo.unlock-music.dev,depositphotos.com,desc.se,desipro.de,dessci.com,deutsche-welle.de,developers.box.net,devio.us,devv.ai,diaoyuislands.org,digisfera.com,diigo.com,directcreative.com,discoins.com,disconnect.me,dish.com,disk.yandex.com,disk.yandex.ru,disneyplus.com,disp.cc,disqus.com,dit-inc.us,diyin.org,dl-laby.jp,dl.box.net,dlive.tv,dm530.net,dmc.nico",wan3,内网,1234567,00:00-23:59
49,yes,通用服务 (14),"dmcdn.net,dmm.co.jp,dns2go.com,dnscrypt.org,dnssec.net,dnvod.tv,doc.new,dockerstatus.com,docs.new,documentingreality.com,dolc.de,doom9.org,doourbest.org,dotplane.com,dotsub.com,doub.io,doubibackup.com,doubiyunbackup.com,doublethinklab.org,douchi.space,dougscripts.com,download.dappcdn.com,dpr.info,dragonex.io,dragonsprings.org,drgan.net,dropbooks.tv,dropbox.com,dropboxapi.com,dropboxusercontent.com,dtiblog.com,duck.com,duckmylife.com,duihua.org,duihuahrjournal.org,duplicati.com,duyaoss.com,dvdpac.com,dvorak.org,dw-world.com,dweb.link,dwnews.com,dwnews.net,dynawebinc.com,dynu.com,dysfz.cc,e-gold.com,eastasiaforum.org,eastturkistangovernmentinexile.us,ebtcbank.com",wan3,内网,1234567,00:00-23:59
50,yes,通用服务 (15),"economist.com,edgecastcdn.net,edubridge.com,eesti.ee,efksoft.com,eic-av.com,eireinikotaerukai.com,eksisozluk.com,elconfidencial.com,elgoog.im,elpais.com,en.favotter.net,encrypt.me,encyclopedia.com,enewstree.com,englishfromengland.co.uk,entermap.com,epochtimes-bg.com,epochtimes-romania.com,epochtimestr.com,epochweek.com,epochweekly.com,eporner.com,erights.net,eriversoft.com,ernestmandel.org,eromangadouzin.com,esg.t91y.com,eslite.com,esurance.com,etherdelta.com,ethermine.org,etizer.org,etokki.com,etools.ncol.com,eurekavpt.com,euronews.com,everipedia.org,evschool.net,exmo.com,exmormon.org,expatshield.com,expecthim.com,expekt.com,exploader.net,exrates.me,extmatrix.com,eyevio.jp,eyny.com,f-droid.org",wan3,内网,1234567,00:00-23:59
51,yes,通用服务 (16),"f8.com,facebookmail.com,facebookquotes4u.com,faceless.me,facesofnyfw.com,factchecklab.org,factpedia.org,faiththedog.info,fallenark.com,falsefire.com,falunasia.info,falundafa-florida.org,falundafa-nc.org,falundafa-pa.net,falundafaindia.org,falunhr.org,famunion.com,fanbox.cc,fanglizhi.info,fanhaolou.com,fanqianghou.com,fanqiangzhe.com,fast.com,fast.wistia.com,fastpic.ru,fastssh.com,faststone.org,fatbtc.com,favstar.fm,faz.net,fb.com,fb.me,fb.watch,fbaddins.com,fbsbx.com,fbworkmail.com,fc2cn.com,feedburner.com,feeder.co,feedly.com,feedx.net,feelssh.com,feixiaohao.com,feministteacher.com,fengzhenghu.com,fengzhenghu.net,fiddle.jshell.net,figprayer.com,fileflyer.com,files.oaiusercontent.com",wan3,内网,1234567,00:00-23:59
52,yes,通用服务 (17),"filesor.com,financialexpress.com,firebaseio.com,fireofliberty.info,fireofliberty.org,firetweet.io,firstpost.com,firstrade.com,fish.audio,flecheinthepeche.fr,flexclip.com,flgjustice.org,flickr.com,flipboard.com,flitto.com,flowgpt.com,flyzy2005.com,fnac.be,fnac.com,fofg.org,fooooo.com,forefront.ai,foreignaffairs.com,foreignpolicy.com,form.new,forms.new,fountmedia.io,fourthinternational.org,foxsub.com,fpmtmexico.org,fqrouter.com,frank2019.me,franklc.com,free-ss.site,free.bg,freebeacon.com,freebrowser.org,freechinaweibo.com,freedomsherald.org,freegao.com,freegpt.es,freegpt.tech,freekazakhs.org,freelotto.com,freenetproject.org,freeoz.org,freessh.us,freeterabox.com,freetribe.me,freewallpaper4.me",wan3,内网,1234567,00:00-23:59
53,yes,通用服务 (18),"freezhihu.org,friendfeed.com,fril.jp,fringenetwork.com,frommel.net,frontlinedefenders.org,froth.zone,fscked.org,ftchinese.com,ftx.com,fuchsia.dev,fuckccp.com,fuckccp.xyz,fullerconsideration.com,fullservicegame.com,funkyimg.com,furbo.org,furinkan.com,furrybar.com,futuremessage.org,fw.cm,fxcm-chinese.com,fxnetworks.com,g-queen.com,g.co,gabocorp.com,gagaoolala.com,galenwu.com,game735.com,ganjingworld.com,gartlive.com,garudalinux.org,gatecoin.com,gather.com,gaymap.cc,gazotube.com,gclubs.com,gcmasia.com,gcr.io,gdaily.org,geek-art.net,gekikame.com,generated.photos,genius.com,geph.io,get.app,get.dev,get.how,get.page,getastrill.com",wan3,内网,1234567,00:00-23:59
54,yes,通用服务 (19),"getcloak.com,getfoxyproxy.org,getgom.com,geti2p.net,getmalus.com,getmdl.io,getoutline.org,getsession.org,getsync.com,getuploader.com,gfsale.com,gfw.press,gfw.report,gfwatch.org,gfwbao.com,ggpht.com,ggssl.com,ghidra-sre.org,ghostpath.com,ghut.org,giga-web.jp,girlbanker.com,git.io,gitbook.io,githubassets.com,githubcopilot.com,githubusercontent.com,gizlen.net,gjczz.com,glarity.app,glass8.eu,globaljihad.net,globalrescue.net,globalvoices.org,globalvoicesonline.org,glorystar.me,glype.com,gmail.com,gmgard.com,gmgn.ai,gmodules.com,gnews.org,go-to-zlibrary.se,go141.com,go5.dev,godaddy.com,godfootsteps.org,godoc.org,gofundme.com,goldbetsports.com",wan3,内网,1234567,00:00-23:59
55,yes,通用服务 (20),"golden-ages.org,goldeneyevault.com,goldenfrog.com,goldwave.com,gongm.in,goo.ne.jp,gooday.xyz,goodhope.school,goodnewsnetwork.org,goodreaders.com,goodreads.com,goofind.com,googleapis.com,googleapps.com,googlearth.com,googleartproject.com,googleblog.com,googlebot.com,googlechinawebmaster.com,googlecode.com,googlecommerce.com,googledomains.com,googledrive.com,googleearth.com,googlefiber.net,googlegroups.com,googlehosted.com,googleideas.com,googleinsidesearch.com,googlemail.com,googlemashups.com,googlepagecreator.com,googleplay.com,googleplus.com,googlescholar.com,googlesource.com,googleusercontent.com,googlevideo.com,googleweblight.com,googlezip.net,gopetition.com,goreforum.com,goregrish.com,gospelherald.com,gotdns.ch,gotquestions.org,gotrusted.com,grammaly.com,graphis.ne.jp,graphql.org",wan3,内网,1234567,00:00-23:59
56,yes,通用服务 (21),"gravatar.com,greasyfork.org,greatfirewallofchina.org,greenpeace.org,grindr.com,grok.com,grokipedia.com,ground.news,gsearch.media,gtricks.com,gtv.org,gtv1.org,guishan.org,gumroad.com,gunsamerica.com,gutteruncensored.com,gvt3.com,gwins.org,gwtproject.org,gzone-anime.info,h-china.org,hackmd.io,hackthatphone.net,haijiao.com,haiwaikan.com,halktv.com.tr,hanime1.me,hardsextube.com,hautelook.com,hautelookcdn.com,hbg.com,hbo.com,hbomax.com,hdtvb.net,heartyit.com,hecaitou.net,hechaji.com,helixstudios.net,helloandroid.com,helloqueer.com,helpeachpeople.com,helpster.de,hembed.com,heqinglian.net,heritage.org,herokuapp.com,herominers.com,hexieshe.com,hexieshe.xyz,hexxeh.net",wan3,内网,1234567,00:00-23:59
57,yes,通用服务 (22),"heyuedi.com,hicairo.com,hiccears.com,hidden-advent.org,hide.me,hideman.net,hidemy.name,hidemycomp.com,highrockmedia.com,hiitch.com,hikinggfw.org,himalayan-foundation.org,himemix.com,hindustantimes.com,hitbtc.com,hkacg.com,hkacg.net,hkbookcity.com,hkchronicles.com,hkcnews.com,hkcoc.com,hkdc.us,hkfaa.com,hkgolden.com,hkgpao.com,hkmap.live,hkopentv.com,hkpeanut.com,hkreporter.com,hmoegirl.com,hmvdigital.ca,hmvdigital.com,hnjhj.com,hojemacau.com.mo,hola.com,hola.org,hole.thu.monster,holyspiritspeaks.org,home.saxo,homedepot.com,hongzhi.li,honven.xyz,hootsuite.com,hoover.org,hoovers.com,hostloc.com,hotair.com,hotcoin.com,hotspotshield.com,hottg.com",wan3,内网,1234567,00:00-23:59
58,yes,通用服务 (23),"howtoforge.com,hoxx.com,hoy.tv,hqcdp.org,hrichina.org,hrntt.org,hsjp.net,hsselite.com,htkou.net,html5rocks.com,htx.com,huaglad.com,huaren.us,huayuworld.org,hudatoriq.web.id,hudson.org,huffpost.com,huggingface.co,hugoroy.eu,huhaitai.com,huhamhire.com,huhangfei.com,huluim.com,humanparty.me,humanrightspressawards.org,hung-ya.com,huobipro.com,hutianyi.net,hxwk.org,hybrid-analysis.com,hyperbeam.com,hyperrate.com,hypothes.is,i.111666.best,i.lithium.com,i2p2.de,iam.soy,iask.ca,iavian.net,icedrive.net,icij.org,icl-fi.org,icoco.com,iconpaper.org,icu-project.org,id.heroku.com,idcflare.com,identi.ca,idiomconnection.com,idope.se",wan3,内网,1234567,00:00-23:59
59,yes,通用服务 (24),"ifan.cz.cc,ifcss.org,ifreewares.com,ift.tt,igcd.net,igfw.net,igvita.com,iicns.com,ilbe.com,ilhamtohtiinstitute.org,illawarramercury.com.au,illusionfactory.com,ilove80.be,ilovelongtoes.com,imagefap.com,imageflea.com,imageglass.org,images-gaytube.com,images.prismic.io,imageshack.us,imagevenue.com,imagezilla.net,imago-images.com,img.ly,img.picgo.net,img.picturedip.com,imgasd.com,imgchili.net,imkev.com,imlive.co,improd.works,incloak.com,incredibox.fr,india.com,indiablooms.com,indianarrative.com,indiandefensenews.in,indiatoday.in,indiemerch.com,inews-api.tvb.com,info-graf.fr,infura.io,inherit.live,initiativesforchina.org,inkbunny.net,inkui.com,inoreader.com,insecam.org,institut-tibetain.org,interactivebrokers.com",wan3,内网,1234567,00:00-23:59
60,yes,通用服务 (25),"internet.org,internetfreedom.org,internetpopculture.com,interseclab.org,inthenameofconfuciusmovie.com,invidio.us,inxian.com,ipdefenseforum.com,ipfire.org,ipfs.4everland.io,iphonix.fr,ipicture.ru,ipify.org,ipjetable.net,ippotv.com,ipredator.se,iptvbin.com,ipvanish.com,irna.ir,ironpython.net,ironsocket.com,isaacmao.com,isc.sans.edu,isgreat.org,ishr.ch,islamhouse.com,ismaelan.com,ismprofessional.net,israbox.com,issuu.com,isupportuyghurs.org,itasoftware.com,itch.io,itemfix.com,itiger.com,itshidden.com,iuhrdf.org,ivacy.com,ivonblog.com,iwara.tv,ixquick.com,iyouport.com,iyouport.org,j.mp,jamestown.org,jamyangnorbu.com,jan.ai,japan-whores.com,japanhdv.com,jav321.com",wan3,内网,1234567,00:00-23:59
61,yes,通用服务 (26),"javakiba.org,javbus.com,javfinder.ai,javfor.me,javhub.net,javhuge.com,javlibrary.com,javmobile.net,javseen.com,jcpenney.com,jex.com,jgoodies.com,jhelab.org,jiaoyou8.com,jifangge.com,jims.net,jingpin.org,jinrizhiyi.news,jintian.net,jinx.com,jitouch.com,jma.go.jp,joachims.org,joinclubhouse.com,jornaldacidadeonline.com.br,journalofdemocracy.org,jsdelivr.net,jukujo-club.com,juliepost.com,juliereyc.com,junauza.com,justhost.ru,justmysocks1.net,justmysockscn.com,juziyue.com,ka-wai.com,kadokawa.co.jp,kagyu.org.za,kagyuoffice.org,kakao.com,kanald.com.tr,kannewyork.com,kantie.org,kaotic.com,karayou.com,kawaiikawaii.jp,kawase.com,kb.monitorware.com,kebrum.com,kendatire.com",wan3,内网,1234567,00:00-23:59
62,yes,通用服务 (27),"kenengba.com,kepard.com,kex.com,keycdn.com,khatrimaza.org,kichiku-doujinko.com,kik.com,killwall.com,kindle4rss.com,kingdomsalvation.org,kinmen.travel,kinokuniya.com,kk-whys.co.jp,kkbox.com,kknews.cc,knowyourmeme.com,kobobooks.com,kompozer.net,konachan.com,koolsolutions.com,koornk.com,koranmandarin.com,kqes.net,kspcoin.com,kuaichedao.co,kukuku.uk,kurtmunger.com,kwcg.ca,kwongwah.com.my,kxsw.life,kzaobao.com,lab.skk.moe,labiennale.org,lagranepoca.com,lala.im,lamayeshe.com,lamnia.co.uk,landofhope.tv,laogai.org,laogairesearch.org,laqingdan.net,larsgeorge.com,lastfm.es,lbank.info,ldplayer.net,lecloud.net,ledger.com,legra.ph,leisurepro.com,lematin.ch",wan3,内网,1234567,00:00-23:59
63,yes,通用服务 (28),"lenwhite.com,lesoir.be,letscorp.net,lexica.art,li.taipei,liangyou.net,liangzhichuanmei.com,libertysculpturepark.com,library-access.sk,libredd.it,lifemiles.com,lighti.me,lightnovel.cn,like.com,lilaoshibushinilaoshi.com,line-scdn.net,line.naver.jp,lingualeo.com,lingvodics.com,linkedin.com,linktr.ee,linux.do,liquiditytp.com,listennotes.com,liuxiaobo.net,livecoin.net,liveleak.com,livemint.com,livestream.com,livevideo.com,livingstream.com,lmarena.ai,localbitcoins.com,localdomain.ws,lockestek.com,longtermly.net,longtoes.com,lookpic.com,lovart.ai,lovetvshow.com,lpsg.com,lrfz.com,lrip.org,lsm.org,lsmchinese.org,lsmkorean.org,lt.sntp.uk,luckydesigner.space,luckymobile.ca,ludepress.com",wan3,内网,1234567,00:00-23:59
64,yes,通用服务 (29),"lupm.org,lushstories.com,lvhai.org,lvv2.com,lzjscript.com,lzmtnews.org,m.me,m.moegirl.org,macgamestore.com,mad-ar.ch,madewithcode.com,madonna-av.com,madou.club,madrau.com,main-ecnpaper-economist.content.pugpig.com,makemymood.com,mandiant.com,manta.com,manus.im,manyvoices.news,marc.info,martau.com,marxist.net,marxists.org,matainja.com,material.io,matome-plus.com,matome-plus.net,matrix.org,matters.town,mattwilcox.net,maven.neoforged.net,mcadforums.com,mcusercontent.com,md-t.org,me.me,me.ns.ci,meansys.com,media.nu.nl,mediachinese.com,mediafreakcity.com,mediawiki.org,meetup.com,mega.co.nz,mega.io,mega.nz,megalodon.jp,megaproxy.com,megurineluka.com,mercari.jp",wan3,内网,1234567,00:00-23:59
65,yes,通用服务 (30),"mercatox.com,mercdn.net,mercyprophet.org,mergersandinquisitions.com,meridian-trust.org,meripet.com,metafilter.com,metart.com,metarthunter.com,meteorshowersonline.com,metro.taipei,metrolife.ca,mfxmedia.com,mgstage.com,mh4u.org,mihua.org,mij.rip,mike.cz.cc,mikesoltys.com,mingdemedia.org,minghui-school.org,minghui.or.kr,minghui.org,mingjinglishi.com,mingjingnews.com,mingjingtimes.com,mingpaocanada.com,mingpaomonthly.com,mingpaonews.com,mingshengbao.com,minhhue.net,miningpoolhub.com,ministrybooks.org,minzhuzhongguo.org,miraheze.org,miroguide.com,mirror.xyz,mirrorbooks.com,mirrormedia.mg,missav.ws,miuipolska.pl,mixero.com,mixx.com,mizzmona.com,mji.rip,mjj.rip,mlc.ai,mlzs.work,mmaaxx.com,mobatek.net",wan3,内网,1234567,00:00-23:59
66,yes,通用服务 (31),"mobileways.de,mod.io,modernchinastudies.org,moeerolibrary.com,moeshare.cc,mog.com,mohu.rocks,mojim.com,mondex.org,moneydj.com,monica.im,monitorchina.org,monocloud.me,monster.com,moodyz.com,moon.fm,moonbbs.com,moonbingo.com,moresci.sale,morningsun.org,mos.ru,mosavi.io,movements.org,moviefap.com,mpettis.com,mpfinance.com,mpinews.com,mrtweet.com,msa-it.org,mstdn.social,mthruf.com,mubi.com,multiply.com,musixmatch.com,muzi.com,muzi.net,muzu.tv,mvg.jp,mx981.com,my-private-network.co.uk,my.pcloud.com,myaudiocast.com,mybet.com,mychinanews.com,mycnnews.com,myeclipseide.com,myiphide.com,mykomica.org,mymoe.moe,mypikpak.com",wan3,内网,1234567,00:00-23:59
67,yes,通用服务 (32),"mypopescu.com,myspacecdn.com,mytvsuper.com,mywife.cc,naacoalition.org,naitik.net,nakedsecurity.sophos.com,nakido.com,nalandabodhi.org,nalandawest.org,namu.wiki,nanyangpost.com,nat.moe,national-lottery.co.uk,nationalinterest.org,nationalreview.com,nationwide.com,naughtyamerica.com,naver.com,nbcnews.com,nbyy.tv,nchrd.org,ncn.org,ndi.org,nekoslovakia.net,neo-miracle.com,neowin.net,nephobox.com,netalert.me,netflav.com,netme.cc,newchen.com,newhighlandvision.com,newindianexpress.com,newmitbbs.com,news.seehua.com,news.ycombinator.com,news1.kr,news18.com,newsancai.com,newsblur.com,newstamago.com,newstapa.org,newstatesman.com,newsweek.com,newthuhole.com,newyorker.com,nexon.com,nexton-net.jp,nf.id.au",wan3,内网,1234567,00:00-23:59
68,yes,通用服务 (33),"nflxext.com,nflxso.net,nflxvideo.net,nftstorage.link,nhentai.net,nic.cz.cc,nightswatch.top,nikke-en.com,nikke-jp.com,nikke-kr.com,ninjaproxy.ninja,nirsoft.net,nitter.cc,nitter.net,niu.moe,niusnews.com,njactb.org,nmsl.website,nnews.eu,nobel.se,nodeseek.com,nokogiri.org,nokola.com,nordstromimage.com,nordstromrack.com,nos.nl,notepad-plus-plus.org,nottinghampost.com,now.com,nownews.com,noxinfluencer.com,npa.go.jp,npsboost.com,nrk.no,ntd.tv,ntdtv.com,ntdtv.cz,nuexpo.com,nurgo-software.com,nusatrip.com,nutaku.net,nuuvem.com,nvdst.com,nybooks.com,nypost.com,nyt.com,nytcn.me,nytco.com,nytimg.com,nytstyle.com",wan3,内网,1234567,00:00-23:59
69,yes,通用服务 (34),"o3o.ca,oanda.com,oann.com,obyte.org,october-review.org,octocaptcha.com,oculuscdn.com,oex.com,ogaoga.org,ogate.org,ohmyrss.com,ok.ru,okayfreedom.com,okcoin.com,oklink.com,olehdtv.com,olelive.com,olevod.com,olumpo.com,omct.org,omni7.jp,omnitalk.com,omnitalk.org,omny.fm,on.cc,on2.com,onapp.com,one.one.one.one,onedrive.com,onedrive.live.com,onion.city,onion.ly,onlygayvideo.com,ontrac.com,oojj.de,ooni.io,ooni.org,open.firstory.me,openai.com,opencritic.com,opendemocracy.net,openid.net,openleaks.org,openstreetmap.org,opentech.fund,openwebster.com,ordns.he.net,oricon.co.jp,orient-doll.com,orientaldaily.com.my",wan3,内网,1234567,00:00-23:59
70,yes,通用服务 (35),"orn.jp,osfoora.com,otcbtc.com,otto.de,ourdearamy.com,oursteps.com.au,overdaily.org,overplay.net,oversea.istarshine.com,ow.ly,owltail.com,oxfordscholarship.com,ozvoice.org,pacopacomama.com,page.link,pages.dev,pandafan.pub,pandapow.co,pandavpn-jp.com,pandavpnpro.com,panoramio.com,pao-pao.net,parkansky.com,parler.com,parse.com,parsevideo.com,partnerstack.xyz,passion.com,paste.ee,pastie.org,patreon.com,patreonusercontent.com,pawoo.net,paxful.com,pbs.org,pbworks.com,pbxes.com,pbxes.org,pcgamestorrents.com,pcij.org,pdproxy.com,pdst.fm,peace.ca,pekingduck.org,pen.io,pendrivelinux.com,peopo.org,perfect-privacy.com,perplexity.ai,pewresearch.org",wan3,内网,1234567,00:00-23:59
71,yes,通用服务 (36),"phayul.com,phmsociety.org,phncdn.com,photodharma.net,photofocus.com,photonmedia.net,piaotia.com,picacomic.com,picacomiccn.com,picasaweb.com,picsart.com,picuki.com,pigav.com,pin6.com,pinimg.com,pinoy-n.com,pixeldrain.com,pixiv.org,pixivsketch.net,pixnet.net,pki.goog,pkqjiasu.com,pkuanvil.com,placemix.com,playboy.com,playboyplus.com,player.fm,playno1.com,playpcesor.com,plus.codes,pmatehunter.com,po2b.com,podcast.co,podictionary.com,podwise.ai,poe.com,points-media.com,pokerstars.com,pokerstars.net,politicalchina.org,poloniex.com,polymarket.com,polymer-project.org,poolin.com,popai.pro,popxi.click,popyard.org,pornhd.com,pornmate.com,pornrapidshare.com",wan3,内网,1234567,00:00-23:59
72,yes,通用服务 (37),"pornstarbyface.com,pornstarclub.com,porntvblog.com,poskotanews.com,post76.com,post852.com,posts.careerengine.us,potato.im,power.com,powerapple.com,powercx.com,ppy.sh,prayforchina.net,prcleader.org,premproxy.com,presentation.new,presentationzen.com,president.ir,prestige-av.com,prism-break.org,pritunl.com,privacybox.de,privacyguides.org,private.com,privateinternetaccess.com,privatepaste.com,privoxy.org,procopytips.com,project-syndicate.org,prompthero.com,prosiben.de,proton.me,provpnaccounts.com,proxfree.com,proxomitron.info,proxynetwork.org.uk,proxz.com,proyectoclubes.com,pstatic.net,pt.im,ptt.cc,pttgame.com,ptwxz.com,puffinbrowser.com,pullfolio.co,pure18.com,pureconcepts.net,puredns.org,pureinsight.org,purepdf.com",wan3,内网,1234567,00:00-23:59
73,yes,通用服务 (38),"purpose.nike.com,pursuestar.com,putty.org,pximg.net,qbittorrent.org,qiandao.today,qianglie.com,qiangwaikan.com,qiangyou.org,qiwen.lu,qoos.com,qq.co.za,qstatus.com,qtrac.eu,questvisual.com,quitccp.org,quiz.directory,quoracdn.net,qz.com,r0.ru,r10s.jp,r18.com,radio-canada.ca,radio-en-ligne.fr,radio.co,radio.garden,radioaustralia.net.au,radiohilight.net,radiojar.com,radioline.co,radiovaticana.org,radiovncr.com,rael.org,raggedbanner.com,ramcity.com.au,rapidmoviez.com,rateyourmusic.com,rationalwiki.org,raw.githack.com,rawgit.com,rcinet.ca,rd.com,reabble.com,read01.com,realcourage.org,realitykings.com,reason.com,redbubble.com,redchinacn.net,reddithelp.com",wan3,内网,1234567,00:00-23:59
74,yes,通用服务 (39),"redditmedia.com,redhotlabs.com,referer.us,reflectivecode.com,relay.firefox.com,religionnews.com,renminbao.com,rentry.co,renyurenquan.org,resilio.com,resistchina.org,retweetrank.com,reutersmedia.net,rferl.org,rfi.fr,rfi.my,riku.me,ritter.vg,rixcloud.com,rixcloud.us,rlwlw.com,rmbl.ws,robustnessiskey.com,rocket-inc.net,rocket.chat,rocksdb.org,rojo.com,rolfoundation.org,rolia.net,rolsociety.org,ronjoneswriter.com,rou.video,rsdlmonitor.com,rsf-chinese.org,rsf.org,rsshub.app,rssmeme.com,rtalabel.org,rtm.tnt-ea.com,rule34.xxx,rule34video.com,rustdesk.com,rutracker.net,rutracker.org,s-cute.com,s.yimg.com,s3-ap-northeast-1.amazonaws.com,s3-ap-northeast-2.amazonaws.com,s3-ap-southeast-1.amazonaws.com,s3-ap-southeast-2.amazonaws.com",wan3,内网,1234567,00:00-23:59
75,yes,通用服务 (40),"s3-ap.amazonaws.com,s3-eu-central-1.amazonaws.com,s3.ap-northeast-2.amazonaws.com,s3.eu-central-1.amazonaws.com,s3.us-east-1.amazonaws.com,sacks.com,sadistic-v.com,sadpanda.us,safechat.com,sagernet.org,sakuralive.com,sankakucomplex.com,sankei.com,savethedate.foo,savethesounds.info,savetibetstore.org,saveuighur.org,scache.vzw.com,scache1.vzw.com,scache2.vzw.com,schema.org,scmp.com,scramble.io,scratch.mit.edu,scribd.com,scriptspot.com,search.aol.com,search.com,search.yahoo.co.jp,searx.me,seattlefdc.com,secretchina.com,secretgarden.no,secretsline.biz,secure.logmein.com,secureservercdn.net,securitykiss.com,seed4.me,seezone.net,sensortower.com,sesawe.net,sethwklein.net,setn.com,sevenload.com,sex3.com,sex8.cc,sfshibao.com,sftuk.org,shahit.biz,share-videos.se",wan3,内网,1234567,00:00-23:59
76,yes,通用服务 (41),"sharecool.org,shattered.io,sheet.new,sheets.new,shellfire.de,shenyunperformingarts.org,shenyunshop.com,shenzhoufilm.com,shenzhouzhengdao.org,shiksha.com,shitjournal.org,shixiao.org,shizhao.org,shodanhq.com,shooshtime.com,shwchurch.org,sidelinesnews.com,signal.org,silvergatebank.com,simianx.ai,simplecd.me,simplecd.org,simpleswap.io,simplex.chat,singaporepools.com.sg,singlelogin.se,singtao.com,singtaousa.com,sinoants.com,sinoca.com,sinocast.com,sinoinsider.com,sis001.com,site.new,sitekreator.com,sitemaps.org,sites.new,six-degrees.io,sketchappsources.com,skimtube.com,skybet.com,skyvegas.com,slacker.com,slashine.onl,sleazyfork.org,slides.com,slides.new,slideshare.net,slutmoonbeam.com,sm-miracle.com",wan3,内网,1234567,00:00-23:59
77,yes,通用服务 (42),"smartdnsproxy.com,smh.com.au,smn.news,snapseed.com,sndcdn.com,sobees.com,social.datalabour.com,social.edu.ci,socialblade.com,socks-proxy.net,sockslist.net,softether-download.com,softether.org,softfamous.com,softwarebychuck.com,sogclub.com,sogrady.me,sohcradio.com,sohfrance.org,solv.finance,somee.com,songjianjun.com,sora.com,sorting-algorithms.com,sos.org,sosad.fun,sosreader.com,soulcaliburhentai.net,soundofhope.org,soup.io,south-plus.net,south-plus.org,southmongolia.org,southpark.cc.com,soylentnews.org,spaces.hightail.com,spacex.com,spatial.io,spb.com,speakerdeck.com,speedcat.me,speedify.com,spendee.com,spideroak.com,sports.williamhill.com,spotflux.com,spreadsheet.new,spreadshirt.es,spreaker.com,spring4u.info",wan3,内网,1234567,00:00-23:59
78,yes,通用服务 (43),"springboardplatform.com,springwood.me,sproutcore.com,ss-link.com,ss7.vzw.com,ssl.webpack.de,sspanel.net,ssr.tools,ssrshare.com,ssrshare.us,ssrtool.com,sstmlt.moe,sstmlt.net,standard.co.uk,starp2p.com,startpage.com,static-economist.com,static.pocketcasts.com,static.shemalez.com,staticflickr.com,stboy.net,stc.com.sa,steamladder.com,steamstatic.com,steel-storm.com,steemit.com,steganos.com,stephaniered.com,sthoo.com,stitcher.com,stoptibetcrisis.net,storage.yandex.net,storagenewsletter.com,storm.mg,storry.tv,stoweboyd.com,straitstimes.com,straplessdildo.com,streamable.com,streamate.com,streamingthe.net,stumbleupon.com,subhd.tv,substack.com,suche.gmx.net,sugarsync.com,sugumiru18.com,suissl.com,sumrando.com,sundayguardianlive.com",wan3,内网,1234567,00:00-23:59
79,yes,通用服务 (44),"sunmedia.ca,suno.ai,suno.com,sunporno.com,supchina.com,superpages.com,surfeasy.com,surrenderat20.net,swagbucks.com,swapspace.co,swissinfo.ch,switch1.jp,sydneytoday.com,sylfoundation.org,synapse.org,syncback.com,synergyse.com,syosetu.com,t-g.com,t66y.com,tagwalk.com,tails.net,taipeisociety.org,taisounds.com,taiwanhot.net,talkatone.com,talkboxapp.com,talkcc.com,talkonly.net,tanc.org,tap.io,tapanwap.com,taptap.io,tardigrade.io,taup.net,taweet.com,tbcollege.org,tbsec.org,teachparentstech.org,techspot.com,techviz.net,teck.in,teco-mo.org,tehrantimes.com,telega.one,telegramdownload.com,telegraph.co.uk,telesco.pe,tellapart.com,temu.com",wan3,内网,1234567,00:00-23:59
80,yes,通用服务 (45),"tenor.com,tenzinpalmo.com,terobox.com,tew.org,textnow.com,textnow.me,tfhub.dev,tfiflve.com,tg-me.com,theatrum-belli.com,thebcomplex.com,theblaze.com,thebobs.com,thebodyshop-usa.com,thecenter.mit.edu,thechasernews.co.uk,thechinacollection.org,theconversation.com,thediplomat.com,thegay.com,theguardian.com,thehansindia.com,thehindu.com,thehun.net,theporndude.com,theportalwiki.com,theprint.in,thesaturdaypaper.com.au,thestandnews.com,thetatoken.org,thetibetpost.com,thetvdb.com,thewgo.org,thewirechina.com,thinkgeek.com,thirdmill.org,thisav.com,thomasbernhard.org,threadreaderapp.com,throughnightsfire.com,thuhole.com,thywords.com,tiananmenduizhi.com,tiananmenuniv.com,tiananmenuniv.net,tianti.io,tiantibooks.org,tibet-envoy.eu,tibet-initiative.de,tibetaction.net",wan3,内网,1234567,00:00-23:59
81,yes,通用服务 (46),"tibetanbuddhistinstitute.org,tibetancommunity.org,tibetanentrepreneurs.org,tibetanhealth.org,tibetanliberation.org,tibetanyouthcongress.org,tibetcorps.org,tibetexpress.net,tibetfocus.com,tibetfund.org,tibetgermany.de,tibethouse.jp,tibethouse.org,tibethouse.us,tibetmuseum.org,tibetnetwork.org,tibetoffice.ch,tibetoffice.com.au,tibetoffice.org,tibetonline.com,tibetonline.tv,tibetoralhistory.org,tibetpolicy.eu,tibetrelieffund.co.uk,tibetsociety.com,tibetsun.com,tibetsupportgroup.org,tibetswiss.ch,tibettelegraph.com,tibettimes.net,tibettruth.com,tibetwrites.org,tiktokcdn-eu.com,tiktokcdn-us.com,tiltbrush.com,timesnownews.com,timesofindia.indiatimes.com,timtales.com,tineye.com,tingtalk.me,tiny.cc,tinychat.com,tinypaste.com,tinyurl.com,tipas.net,tkcs-collins.com,tma.co.jp,tmagazine.com,tn1.shemalez.com,tn2.shemalez.com",wan3,内网,1234567,00:00-23:59
82,yes,通用服务 (47),"tn3.shemalez.com,to-porno.com,togetter.com,token.im,tokyo-porn-tube.com,tokyocn.com,tomp3.cc,top.tv,topbtc.com,topsy.com,toptip.ca,toptoon.net,tor.eff.org,torguard.net,torlock.com,torproject.org,torrentkitty.tv,torrentprivacy.com,torrenty.org,tortoisesvn.net,tou.tv,tracfone.com,tradingview.com,translate.goog,transparency.org,trendsmap.com,trouw.nl,trt.net.tr,truebuddha-md.org,truthsocial.com,tryheart.jp,tt1069.com,tttan.com,tube8.com,tube911.com,tubepornclassic.com,tubewolf.com,tukaani.org,tumview.com,tunein.streamguys1.com,tunnelbear.com,tunnelblick.net,tunnelr.com,turbobit.net,turbohide.com,turkistantimes.com,turntable.fm,tv.jtbc.joins.com,tvbanywhere.com,tvboxnow.com",wan3,内网,1234567,00:00-23:59
83,yes,通用服务 (48),"tvunetworks.com,twapperkeeper.com,twaud.io,twblogger.com,tweepguide.com,tweepml.org,tweetbackup.com,tweetboard.com,tweetedtimes.com,tweetphoto.com,tweetree.com,tweetwally.com,twelve.today,twerkingbutt.com,twftp.org,twgreatdaily.com,twibble.de,twibs.com,twiffo.com,twiggit.org,twip.me,twipple.jp,twishort.com,twister.net.co,twitchcdn.net,twitiq.com,twitlonger.com,twitoaster.com,twitonmsn.com,twitpic.com,twitstat.com,twitter4j.org,twittercounter.com,twittergadget.com,twitterkr.com,twittermail.com,twitterrific.com,twittertim.es,twitturk.com,twitturly.com,twkan.com,twreporter.org,twttr.com,tx.me,tycool.com,typepad.com,typeset.io,typora.io,u15.info,u9un.com",wan3,内网,1234567,00:00-23:59
84,yes,通用服务 (49),"ua5v.com,uberproxy.net,uc-japan.org,udn.com,uhdwallpapers.org,uhrp.org,uighur.nl,uku.im,ulop.net,ultrasurf.us,unblock-us.com,unblock.cn.com,unblocksit.es,underwoodammo.com,unholyknight.com,unirule.cloud,uniswap.org,unknownspace.org,unseen.is,unstable.icu,uocn.org,up.audio,upbit.com,updates.tdesktop.com,upghsbc.com,upmedia.mg,uproxy.org,uptodown.com,uraban.me,urbandictionary.com,urbansurvival.com,urchin.com,urlborg.com,urlparser.com,usacn.com,usaip.eu,uscardforum.com,uscnpm.org,use.typekit.net,usercontent.goog,usma.edu,ustibetcommittee.org,ustream.tv,utopianpal.com,uujiasu.com,uukanshu.com,uvwxyz.xyz,uyghur-j.org,uyghuraa.org,uyghuramerican.org",wan3,内网,1234567,00:00-23:59
85,yes,通用服务 (50),"uyghurbiz.org,uyghurcongress.org,uyghurpen.org,uyghurstudies.org,uyghurtribunal.com,v2.help,v2.hysteria.network,v2raycn.com,valeursactuelles.com,vansky.com,vaticannews.va,vatn.org,vcf-online.org,vcfbuilder.org,vegas.williamhill.com,vegasred.com,venetianmacao.com,ventureswell.com,vern.cc,verybs.com,vewas.net,viber.com,victimsofcommunism.org,vid.me,vidble.com,video.aol.com,videobam.com,videomega.tv,videopress.com,vilanet.me,vimeocdn.com,vimperator.org,vincnd.com,vine.co,vinniev.com,vip-enterprise.com,viu.com,vivaldi.com,vivthomas.com,vmixcore.com,vmpsoft.com,voacambodia.com,voacantonese.com,voachinese.com,voachineseblog.com,voaindonesia.com,voanews.com,voatibetan.com,voatibetanenglish.com,vocaroo.com",wan3,内网,1234567,00:00-23:59
86,yes,通用服务 (51),"vocus.cc,vod.wwe.com,voicettank.org,vot.org,voxer.com,vpl.bibliocommons.com,vpn4all.com,vpnaccounts.com,vpncup.com,vpndada.com,vpnforgame.net,vpngate.jp,vpngate.net,vpnhub.com,vpninja.net,vpnjack.com,vpnmaster.com,vpnmentor.com,vpnpick.com,vpnpop.com,vpnpronet.com,vpnproxymaster.com,vpnreactor.com,vpnreviewz.com,vpnsecure.me,vpnshazam.com,vpnshieldapp.com,vpnuk.info,vpnunlimitedapp.com,vpnvip.com,vrchat.com,vrsmash.com,vuku.cc,vultryhw.com,waffle1999.com,wainao.me,walletconnect.com,walletconnect.org,wallmama.com,wallpapercasa.com,wallsttv.com,wallzhihu.com,waltermartin.com,waltermartin.org,wanderinghorse.net,wangafu.net,wangjinbo.org,wango.org,want-daily.com,wanz-factory.com",wan3,内网,1234567,00:00-23:59
87,yes,通用服务 (52),"warroom.org,waselpro.com,watchinese.com,watchmygf.net,wattpad.com,wav.tv,waveprotocol.org,waybig.com,waymo.com,wd.bible,wearn.com,web.dev,web2project.net,webmproject.org,webpkgcache.com,webrtc.org,websdr.org,website.new,wechatlawsuit.com,wefightcensorship.org,wego.here.com,weights.com,welt.de,wenyunchao.com,wenzhao.ca,westca.com,westernwolves.com,westpoint.edu,wezone.net,wforum.com,whatblocked.com,whatbrowser.org,whats.new,whatsonweibo.com,wheelockslatin.com,whereiswerner.com,wheretowatch.com,whispersystems.org,whoer.net,whyx.org,widevine.com,wiki.jqueryui.com,wiki.metacubex.one,wiki.oauth.net,wiki.phonegap.com,wikibooks.org,wikidata.org,wikiless.funami.tech,wikimapia.org,wikinews.org",wan3,内网,1234567,00:00-23:59
88,yes,通用服务 (53),"wikisource.org,wikiunblocked.org,wikiversity.org,wikivoyage.org,wikiwand.com,wiktionary.org,willw.net,wilsoncenter.org,windscribe.com,wingamestore.com,wionews.com,wire.com,wiredbytes.com,wiredpen.com,wisevid.com,wispbyte.com,witopia.net,wizcrafts.net,wjbk.org,wmflabs.org,wmfusercontent.org,wn.com,wnacg.org,wo.tc,woeser.com,wokar.org,wolfax.com,wombo.ai,woolyss.com,woopie.jp,woopie.tv,work2icu.org,workatruna.com,workerempowerment.org,workers.dev,wowgirls.com,wp.com,wpoforum.com,writesonic.com,wufafangwen.com,wujieliulan.com,wunderground.com,wuw.red,wwitv.com,www.ajsands.com,www.aolnews.com,www.clashverge.dev,www.hoyolab.com,www.lorenzetti.com.br,www.msn.com",wan3,内网,1234567,00:00-23:59
89,yes,通用服务 (54),"www.powerpointninja.com,www.wan-press.org,www.xicons.org,wxw.cat,wxw.moe,x-art.com,x-berry.com,x-wall.org,x.ai,x.co,x.company,x3guide.com,xbabe.com,xbookcn.com,xbtce.com,xcafe.in,xcancel.com,xcity.jp,xdaforums.com,xerotica.com,xfinity.com,xfxssr.me,xgmyd.com,xiaohexie.com,xiaolan.me,xiaoma.org,xiaomi.eu,xinjiangpolicefiles.org,xjp.cc,xjtravelguide.com,xm.com,xml-training-guide.com,xn--11xs86f.icu,xn--1jqvh729avzfcy2d8ummib.com,xn--4gq171p.com,xn--9iqy04a7fi01l.com,xn--9pr62r24a.com,xn--czq75pvv1aj5c.org,xn--i2ru8q2qg.com,xn--kcrv3utim32hx9f6qe.com,xn--ngstr-lra8j.com,xn--noss43i.com,xn--oiq.cc,xn--p8j9a0d9c9a.xn--q9jyb4c,xn--u2u927b.com,xnxx.com,xpud.org,xsden.info,xskywalker.com,xt.com",wan3,内网,1234567,00:00-23:59
90,yes,通用服务 (55),"xt.pub,xtube.com,xuchao.net,xuchao.org,xuehua.us,xvbelink.com,xvideos-cdn.com,xvinlink.com,xxx.com,y2mate.com,yahoo.com,yakbutterblues.com,yande.re,yangzhi.org,yasni.co.uk,yasukuni.or.jp,yeahteentube.com,yecl.net,yeelou.com,yeeyi.com,yegle.net,yes-news.com,yesasia.com,yespornplease.com,yfsp.tv,yhcw.net,yibaochina.com,yidio.com,yigeni.com,yipub.com,yobit.net,yobt.tv,yogichen.org,you-get.org,you.com,youmind.com,youpai.org,youporngay.com,yourepeat.com,yourlisten.com,yourlust.com,yousendit.com,youtu.be,youtube-nocookie.com,youtubeeducation.com,youtubekids.com,youversion.com,youwin.com,youxu.info,yt.be",wan3,内网,1234567,00:00-23:59
91,yes,通用服务 (56),"ytimg.com,ytn.co.kr,yulghun.com,yunchao.net,yunomi.tokyo,yvesgeleyn.com,yyii.org,yyjlymb.xyz,yysub.net,yzzk.com,z-lib.fm,z-lib.fo,z-lib.gd,z-lib.gl,z-lib.io,z-library.ec,z-library.sk,zalmos.com,zamimg.com,zaochenbao.com,zattoo.com,zb.com,zello.com,zerohedge.com,zeronet.io,zh-hans.cfsh99.com,zh.ecdm.wikia.com,zh.pokerstrategy.com,zh.wikiquote.org,zhanlve.org,zhao.1984.city,zhengjian.org,zhengwunet.org,zhizhu.top,zhongguotese.net,zhongzidi.com,zhuatieba.com,zhuichaguoji.org,zi.media,zillionk.com,zim.vn,zinio.com,zmw.cn,zodgame.xyz,zonaeuropa.com,zonghexinwen.com,zoominfo.com,zooqle.com,zootool.com,zophar.net",wan3,内网,1234567,00:00-23:59
92,yes,通用服务 (57),"zozotown.com,zpn.im,zspeeder.me,zuo.la,zuobiao.me,zuola.com,zvereff.com,zynamics.com,zyxel.com,zzcloud.me",wan3,内网,1234567,00:00-23:59